               epoch,      train/box_loss,      train/obj_loss,      train/cls_loss,   metrics/precision,      metrics/recall,     metrics/mAP_0.5,metrics/mAP_0.5:0.95,        val/box_loss,        val/obj_loss,        val/cls_loss,               x/lr0,               x/lr1,               x/lr2
                   0,             0.07476,            0.032943,            0.013694,             0.34848,             0.40853,             0.29051,            0.080267,             0.05812,            0.020254,           0.0039669,            0.070038,           0.0033291,           0.0033291
                   1,            0.056689,            0.029248,           0.0057292,             0.53707,             0.50894,             0.50238,             0.18188,            0.049025,            0.017802,           0.0037973,            0.040005,           0.0066295,           0.0066295
                   2,            0.051718,            0.028434,           0.0049408,             0.47454,             0.50289,             0.42975,             0.16437,             0.05022,            0.019076,           0.0044357,           0.0099388,           0.0098968,           0.0098968
                   3,            0.048082,            0.028129,           0.0049506,             0.64059,             0.52637,             0.56934,             0.25516,            0.044337,             0.01801,           0.0033816,           0.0098515,           0.0098515,           0.0098515
                   4,             0.04571,            0.027318,           0.0045757,             0.68001,             0.59625,             0.65123,             0.30619,            0.041902,            0.016426,           0.0025893,           0.0098515,           0.0098515,           0.0098515
                   5,             0.04455,            0.026967,             0.00421,             0.64347,             0.61006,             0.65518,             0.31829,             0.04066,            0.016343,           0.0029551,            0.009802,            0.009802,            0.009802
                   6,            0.043845,            0.026975,           0.0041782,             0.68979,             0.63484,             0.68082,             0.32468,            0.040355,            0.016037,           0.0028456,           0.0097525,           0.0097525,           0.0097525
                   7,             0.04281,            0.026258,           0.0041755,              0.6442,             0.66529,             0.68839,              0.3305,            0.039589,            0.015937,           0.0023405,            0.009703,            0.009703,            0.009703
                   8,            0.042266,            0.026278,           0.0037518,             0.65311,             0.68604,             0.68898,             0.33978,            0.038892,            0.016209,           0.0023267,           0.0096535,           0.0096535,           0.0096535
                   9,            0.041921,            0.026244,           0.0039095,             0.71137,             0.64969,             0.70835,             0.35478,            0.038948,            0.015735,           0.0025217,            0.009604,            0.009604,            0.009604
                  10,            0.041631,            0.026103,            0.003773,             0.70182,             0.66782,             0.71391,              0.3573,            0.038329,            0.015686,            0.002215,           0.0095545,           0.0095545,           0.0095545
                  11,            0.041256,            0.025874,           0.0036586,             0.69487,             0.69622,             0.71962,             0.36255,            0.038217,            0.015674,           0.0021444,            0.009505,            0.009505,            0.009505
                  12,            0.040905,            0.025889,           0.0036871,             0.68489,             0.68528,             0.72363,             0.37361,             0.03746,            0.015421,           0.0021542,           0.0094555,           0.0094555,           0.0094555
                  13,            0.040425,             0.02579,           0.0036222,              0.7133,             0.68657,             0.73181,             0.37734,            0.037666,            0.015316,           0.0023299,            0.009406,            0.009406,            0.009406
                  14,            0.040387,            0.025547,           0.0035296,             0.73966,             0.69492,             0.75845,             0.39505,            0.036602,            0.014949,           0.0018067,           0.0093565,           0.0093565,           0.0093565
                  15,            0.040082,            0.025543,           0.0035851,             0.71057,             0.69811,             0.75682,              0.3942,            0.036648,            0.014989,           0.0018679,            0.009307,            0.009307,            0.009307
                  16,            0.040019,            0.025439,           0.0034134,             0.71301,             0.71879,             0.76022,             0.40078,            0.036973,            0.014957,            0.001896,           0.0092575,           0.0092575,           0.0092575
                  17,            0.039504,            0.025392,           0.0034839,             0.75994,             0.68436,             0.76172,             0.40461,            0.036663,             0.01491,           0.0019074,            0.009208,            0.009208,            0.009208
                  18,            0.039373,             0.02526,            0.003313,              0.7287,             0.72163,             0.77147,             0.41864,              0.0356,            0.014671,           0.0018817,           0.0091585,           0.0091585,           0.0091585
                  19,            0.039276,            0.025005,           0.0031858,             0.73125,             0.71542,             0.76575,             0.40247,            0.036115,            0.014818,           0.0018343,            0.009109,            0.009109,            0.009109
                  20,            0.039194,            0.025113,           0.0032731,             0.74207,             0.73056,              0.7817,             0.41244,            0.035641,            0.014696,           0.0017433,           0.0090595,           0.0090595,           0.0090595
                  21,            0.038977,             0.02517,           0.0030796,             0.75822,             0.71516,             0.78847,              0.4221,            0.035184,            0.014478,           0.0018585,             0.00901,             0.00901,             0.00901
                  22,            0.038799,            0.024804,            0.003037,             0.75145,             0.73069,             0.79106,             0.42165,            0.035638,            0.014381,           0.0017414,           0.0089605,           0.0089605,           0.0089605
                  23,            0.038519,            0.024689,           0.0029255,             0.74302,             0.73561,             0.78172,             0.42633,            0.035494,            0.014456,           0.0016616,            0.008911,            0.008911,            0.008911
                  24,            0.038504,            0.024915,           0.0029763,             0.74924,              0.7406,             0.79749,             0.43331,            0.035038,            0.014283,            0.001616,           0.0088615,           0.0088615,           0.0088615
                  25,             0.03838,            0.024882,           0.0030341,             0.73265,             0.74397,             0.79236,             0.43237,             0.03505,            0.014324,            0.001572,            0.008812,            0.008812,            0.008812
                  26,            0.038212,            0.024979,           0.0030422,             0.74067,             0.75272,             0.80482,             0.44129,            0.034383,            0.014169,           0.0015042,           0.0087625,           0.0087625,           0.0087625
                  27,             0.03819,            0.024814,           0.0028103,             0.76905,             0.75437,             0.80354,             0.44164,            0.034662,            0.014081,           0.0014643,            0.008713,            0.008713,            0.008713
                  28,            0.037801,            0.024524,           0.0029382,             0.76159,             0.74975,             0.80886,             0.44594,            0.034274,            0.014056,           0.0015588,           0.0086635,           0.0086635,           0.0086635
                  29,            0.037955,            0.024858,           0.0029277,             0.77049,             0.74814,              0.8092,             0.45016,            0.034322,             0.01399,           0.0015533,            0.008614,            0.008614,            0.008614
                  30,            0.037765,            0.024491,           0.0029764,             0.75206,             0.76497,              0.8165,             0.45411,            0.033977,            0.013892,           0.0014611,           0.0085645,           0.0085645,           0.0085645
                  31,            0.037523,             0.02449,           0.0027567,             0.78513,             0.75389,             0.82681,             0.45899,            0.033943,             0.01385,            0.001429,            0.008515,            0.008515,            0.008515
                  32,            0.037571,            0.024303,           0.0026769,              0.7775,             0.76661,             0.81942,              0.4584,            0.033706,            0.013813,           0.0013566,           0.0084655,           0.0084655,           0.0084655
                  33,            0.037204,            0.024217,           0.0026966,             0.77894,             0.74803,             0.82125,             0.45674,            0.033675,            0.013876,           0.0013509,            0.008416,            0.008416,            0.008416
                  34,            0.037054,            0.024392,           0.0025596,             0.78658,             0.75654,             0.82674,             0.45908,            0.033654,            0.013821,           0.0013376,           0.0083665,           0.0083665,           0.0083665
                  35,             0.03701,            0.024192,           0.0026137,              0.7794,             0.76077,             0.82803,             0.46231,            0.033342,            0.013763,            0.001247,            0.008317,            0.008317,            0.008317
                  36,            0.037021,            0.024146,           0.0027445,             0.77775,             0.77132,             0.82844,              0.4665,            0.033386,            0.013666,            0.001313,           0.0082675,           0.0082675,           0.0082675
                  37,            0.037091,            0.024289,           0.0026609,              0.7817,             0.77275,             0.83782,             0.47114,            0.033328,            0.013642,           0.0014081,            0.008218,            0.008218,            0.008218
                  38,            0.036977,            0.024303,             0.00273,             0.77559,             0.78402,             0.83835,             0.47562,            0.032962,            0.013616,           0.0012667,           0.0081685,           0.0081685,           0.0081685
                  39,            0.036575,            0.024072,           0.0024946,             0.76977,              0.7849,             0.83545,              0.4748,            0.032759,             0.01353,           0.0013466,            0.008119,            0.008119,            0.008119
                  40,            0.036533,            0.024092,           0.0025089,             0.78158,             0.79413,             0.84183,             0.48331,            0.032514,            0.013463,           0.0013463,           0.0080695,           0.0080695,           0.0080695
                  41,            0.036357,            0.024107,           0.0025626,             0.79085,             0.77168,             0.84021,             0.48423,            0.032659,            0.013385,           0.0013636,             0.00802,             0.00802,             0.00802
                  42,            0.036283,            0.023877,           0.0024982,             0.79039,             0.77579,             0.84022,             0.48501,            0.032367,            0.013388,           0.0013242,           0.0079705,           0.0079705,           0.0079705
                  43,            0.036298,            0.023988,           0.0024786,             0.78736,             0.79151,             0.84918,             0.49296,            0.032121,            0.013301,           0.0012581,            0.007921,            0.007921,            0.007921
                  44,            0.036195,            0.023944,           0.0025193,             0.79523,             0.78523,             0.84806,             0.49468,            0.032226,            0.013262,            0.001254,           0.0078715,           0.0078715,           0.0078715
                  45,            0.035981,            0.023743,           0.0023463,             0.79158,             0.80248,             0.84989,             0.49271,            0.032191,            0.013216,           0.0012193,            0.007822,            0.007822,            0.007822
                  46,            0.035976,            0.023801,           0.0023011,             0.81143,             0.79226,             0.85623,             0.49703,            0.032056,            0.013169,           0.0012571,           0.0077725,           0.0077725,           0.0077725
                  47,            0.035864,            0.023688,           0.0024422,             0.80718,             0.79923,             0.85904,             0.50078,            0.031843,            0.013152,           0.0012742,            0.007723,            0.007723,            0.007723
                  48,            0.035789,            0.023678,           0.0023742,             0.81321,             0.80339,              0.8605,             0.50426,            0.031904,            0.013081,           0.0012486,           0.0076735,           0.0076735,           0.0076735
                  49,             0.03564,            0.023595,           0.0022691,              0.8049,             0.79421,             0.86037,             0.50623,            0.031726,            0.013069,           0.0012649,            0.007624,            0.007624,            0.007624
                  50,            0.035425,            0.023521,           0.0022484,              0.8017,             0.80197,             0.86185,             0.50785,            0.031559,            0.013031,           0.0012231,           0.0075745,           0.0075745,           0.0075745
                  51,            0.035661,            0.023614,           0.0023225,             0.80062,             0.80375,             0.86214,             0.50643,             0.03148,            0.013019,           0.0012991,            0.007525,            0.007525,            0.007525
                  52,            0.035274,            0.023534,           0.0022367,             0.79753,             0.81587,             0.86551,             0.50836,            0.031508,            0.012993,           0.0013029,           0.0074755,           0.0074755,           0.0074755
                  53,            0.035322,            0.023329,           0.0021458,             0.80772,             0.80709,             0.86876,             0.51116,            0.031283,            0.012937,            0.001276,            0.007426,            0.007426,            0.007426
                  54,            0.035158,            0.023421,           0.0022545,             0.80763,             0.81544,             0.86974,             0.51321,            0.031211,            0.012902,            0.001299,           0.0073765,           0.0073765,           0.0073765
                  55,            0.035237,            0.023558,           0.0022052,             0.80219,             0.82402,              0.8722,             0.51625,            0.031101,             0.01286,           0.0012835,            0.007327,            0.007327,            0.007327
                  56,            0.035138,            0.023368,           0.0020785,             0.80438,             0.82644,             0.87398,             0.51848,            0.030943,            0.012816,           0.0012653,           0.0072775,           0.0072775,           0.0072775
                  57,            0.034929,            0.023155,           0.0021583,             0.81161,             0.82241,             0.87474,             0.51933,            0.030787,            0.012754,           0.0012347,            0.007228,            0.007228,            0.007228
                  58,            0.034847,            0.023381,           0.0021533,             0.81234,             0.82575,             0.87675,             0.52252,            0.030669,            0.012714,           0.0011943,           0.0071785,           0.0071785,           0.0071785
                  59,            0.034908,            0.023081,           0.0021348,              0.8105,             0.82551,             0.87931,             0.52314,            0.030608,            0.012693,           0.0011783,            0.007129,            0.007129,            0.007129
                  60,            0.034665,            0.023195,           0.0020658,             0.81208,             0.82459,             0.88029,             0.52559,            0.030554,            0.012672,           0.0011702,           0.0070795,           0.0070795,           0.0070795
                  61,            0.034492,            0.023029,           0.0019621,             0.81983,             0.82154,             0.87868,             0.52693,            0.030451,            0.012621,           0.0011588,             0.00703,             0.00703,             0.00703
                  62,            0.034476,             0.02291,           0.0020915,             0.81078,             0.83461,             0.88007,             0.52834,            0.030361,            0.012595,           0.0011728,           0.0069805,           0.0069805,           0.0069805
                  63,            0.034451,             0.02296,           0.0021078,             0.80671,             0.83982,             0.88039,             0.52784,            0.030321,            0.012589,            0.001167,            0.006931,            0.006931,            0.006931
                  64,            0.034277,            0.023105,           0.0019435,             0.82328,             0.82466,             0.88211,              0.5296,            0.030284,            0.012574,           0.0011554,           0.0068815,           0.0068815,           0.0068815
                  65,            0.033994,            0.022877,           0.0020579,             0.82666,             0.82266,             0.88221,             0.53159,            0.030176,            0.012535,           0.0011581,            0.006832,            0.006832,            0.006832
                  66,            0.033919,             0.02294,           0.0019882,             0.82786,             0.82691,             0.88336,             0.53243,            0.030108,              0.0125,           0.0011403,           0.0067825,           0.0067825,           0.0067825
                  67,            0.034181,            0.022932,            0.002042,             0.83109,             0.83167,             0.88561,             0.53474,            0.030029,            0.012467,           0.0011327,            0.006733,            0.006733,            0.006733
                  68,            0.034048,             0.02281,           0.0019566,             0.82623,             0.83749,             0.88676,             0.53696,            0.029962,            0.012443,           0.0011393,           0.0066835,           0.0066835,           0.0066835
                  69,            0.033852,            0.022791,           0.0019388,             0.82517,             0.84226,             0.88841,             0.53872,            0.029917,            0.012415,            0.001143,            0.006634,            0.006634,            0.006634
                  70,            0.033891,            0.022863,             0.00189,             0.82926,             0.84277,             0.88867,             0.53955,            0.029877,            0.012387,           0.0011502,           0.0065845,           0.0065845,           0.0065845
                  71,            0.033725,            0.022725,           0.0018713,             0.82677,             0.84339,             0.88767,             0.54066,            0.029821,            0.012369,           0.0011512,            0.006535,            0.006535,            0.006535
                  72,            0.033594,            0.022662,           0.0019959,             0.83366,             0.84335,             0.88925,             0.54171,            0.029766,             0.01234,           0.0011484,           0.0064855,           0.0064855,           0.0064855
                  73,            0.033684,            0.022588,           0.0018709,             0.82967,             0.84477,             0.89109,             0.54306,            0.029696,            0.012313,           0.0011453,            0.006436,            0.006436,            0.006436
                  74,            0.033585,            0.022517,           0.0018867,             0.82965,             0.84625,             0.89219,             0.54471,            0.029628,            0.012292,           0.0011356,           0.0063865,           0.0063865,           0.0063865
                  75,             0.03368,            0.022758,           0.0019606,             0.82908,             0.84695,             0.89392,             0.54565,            0.029572,            0.012271,           0.0011276,            0.006337,            0.006337,            0.006337
                  76,             0.03324,            0.022478,           0.0018086,             0.82816,             0.84681,             0.89466,             0.54574,            0.029522,            0.012249,            0.001128,           0.0062875,           0.0062875,           0.0062875
                  77,            0.033304,              0.0224,           0.0019693,             0.82709,             0.84606,             0.89453,             0.54692,            0.029488,            0.012234,           0.0011328,            0.006238,            0.006238,            0.006238
                  78,            0.033223,            0.022473,           0.0018259,              0.8301,             0.84785,             0.89584,             0.54795,            0.029455,            0.012218,           0.0011299,           0.0061885,           0.0061885,           0.0061885
                  79,            0.033156,            0.022385,           0.0019045,             0.82894,             0.84818,              0.8968,             0.54961,            0.029396,            0.012197,           0.0011227,            0.006139,            0.006139,            0.006139
                  80,            0.033023,            0.022384,           0.0018029,             0.83109,             0.84919,             0.89731,             0.55072,            0.029337,            0.012177,           0.0011173,           0.0060895,           0.0060895,           0.0060895
                  81,            0.032915,            0.022467,           0.0018269,             0.83541,             0.84632,             0.89838,             0.55169,            0.029287,            0.012159,           0.0011073,             0.00604,             0.00604,             0.00604
                  82,            0.032888,            0.022176,            0.001705,             0.83517,              0.8514,             0.89954,             0.55278,            0.029239,            0.012139,           0.0010994,           0.0059905,           0.0059905,           0.0059905
                  83,            0.032866,            0.022275,           0.0018136,             0.84001,             0.84923,             0.90057,             0.55369,             0.02919,             0.01212,           0.0010931,            0.005941,            0.005941,            0.005941
                  84,            0.032868,              0.0222,           0.0018684,             0.84159,             0.85157,             0.90086,               0.555,             0.02916,            0.012101,           0.0010883,           0.0058915,           0.0058915,           0.0058915
                  85,            0.032755,             0.02207,           0.0017076,             0.84451,              0.8491,             0.90129,             0.55615,            0.029117,            0.012083,           0.0010806,            0.005842,            0.005842,            0.005842
                  86,             0.03275,            0.021942,           0.0017273,             0.84124,             0.85074,             0.90191,             0.55755,            0.029067,            0.012067,           0.0010774,           0.0057925,           0.0057925,           0.0057925
                  87,            0.032652,            0.022159,           0.0017313,             0.83991,             0.85406,              0.9025,             0.55857,            0.029022,             0.01205,           0.0010776,            0.005743,            0.005743,            0.005743
                  88,            0.032421,            0.021868,           0.0016975,             0.84001,             0.85349,             0.90253,             0.55868,            0.028996,            0.012031,           0.0010721,           0.0056935,           0.0056935,           0.0056935
                  89,            0.032301,            0.021661,           0.0016919,             0.83812,             0.85485,             0.90265,             0.55902,            0.028971,            0.012017,           0.0010653,            0.005644,            0.005644,            0.005644
                  90,            0.032361,            0.021811,           0.0017264,             0.83633,             0.85693,             0.90292,              0.5595,             0.02894,            0.012002,           0.0010599,           0.0055945,           0.0055945,           0.0055945
                  91,             0.03231,            0.021841,           0.0016934,             0.83772,             0.85882,             0.90345,             0.55988,            0.028902,            0.011989,           0.0010534,            0.005545,            0.005545,            0.005545
                  92,            0.032125,            0.021871,           0.0017754,             0.84219,             0.85742,             0.90364,             0.56112,            0.028868,            0.011976,           0.0010473,           0.0054955,           0.0054955,           0.0054955
                  93,            0.031939,            0.021751,           0.0017423,             0.84305,             0.85755,             0.90399,             0.56232,            0.028842,            0.011962,            0.001042,            0.005446,            0.005446,            0.005446
                  94,            0.032126,            0.021801,           0.0017793,             0.84636,             0.85514,               0.905,             0.56359,            0.028816,            0.011948,           0.0010383,           0.0053965,           0.0053965,           0.0053965
                  95,            0.031807,            0.021698,           0.0017285,             0.84679,             0.85541,             0.90531,             0.56464,             0.02878,            0.011936,           0.0010315,            0.005347,            0.005347,            0.005347
                  96,            0.031914,            0.021641,            0.001728,             0.84697,             0.85652,              0.9066,             0.56548,            0.028745,            0.011923,            0.001029,           0.0052975,           0.0052975,           0.0052975
                  97,             0.03189,            0.021877,            0.001679,             0.84718,             0.85927,             0.90716,             0.56606,            0.028706,            0.011912,           0.0010222,            0.005248,            0.005248,            0.005248
                  98,            0.031758,            0.021647,            0.001687,             0.84815,             0.85905,             0.90761,             0.56707,            0.028667,            0.011899,           0.0010155,           0.0051985,           0.0051985,           0.0051985
                  99,            0.031657,             0.02154,            0.001659,             0.84947,             0.85771,             0.90789,             0.56805,             0.02863,            0.011885,           0.0010109,            0.005149,            0.005149,            0.005149
                 100,            0.031699,            0.021453,           0.0017221,             0.85202,             0.85604,              0.9086,             0.56909,            0.028588,            0.011872,           0.0010077,           0.0050995,           0.0050995,           0.0050995
                 101,            0.031527,            0.021554,           0.0016379,             0.84886,             0.85948,             0.90891,             0.56989,            0.028548,            0.011858,           0.0010039,             0.00505,             0.00505,             0.00505
                 102,              0.0315,            0.021516,           0.0016868,             0.85107,             0.85842,             0.91018,             0.57084,            0.028508,            0.011845,          0.00099996,           0.0050005,           0.0050005,           0.0050005
                 103,            0.031273,            0.021502,           0.0016512,             0.85088,             0.86016,             0.91076,              0.5713,            0.028469,            0.011832,          0.00099656,            0.004951,            0.004951,            0.004951
                 104,            0.031415,            0.021403,           0.0016034,             0.84927,             0.86057,             0.91087,             0.57202,            0.028435,             0.01182,          0.00099401,           0.0049015,           0.0049015,           0.0049015
                 105,            0.031182,            0.021372,           0.0015616,             0.85025,             0.85995,             0.91116,             0.57265,            0.028405,            0.011807,           0.0009882,            0.004852,            0.004852,            0.004852
                 106,            0.030983,            0.021329,           0.0015652,              0.8498,             0.86266,             0.91148,             0.57333,            0.028373,            0.011794,          0.00098328,           0.0048025,           0.0048025,           0.0048025
                 107,            0.031106,            0.021192,           0.0015808,              0.8498,             0.86297,             0.91213,               0.574,             0.02834,            0.011781,           0.0009789,            0.004753,            0.004753,            0.004753
                 108,            0.031089,            0.021223,           0.0016231,             0.85176,             0.86021,              0.9125,             0.57493,            0.028308,            0.011768,           0.0009748,           0.0047035,           0.0047035,           0.0047035
                 109,            0.030962,            0.021141,           0.0016129,             0.85336,              0.8602,             0.91295,             0.57558,            0.028278,            0.011754,           0.0009711,            0.004654,            0.004654,            0.004654
                 110,            0.030642,            0.021285,           0.0015785,             0.85291,             0.85893,              0.9128,             0.57662,            0.028247,            0.011739,          0.00096834,           0.0046045,           0.0046045,           0.0046045
                 111,             0.03086,             0.02105,           0.0014807,             0.85318,             0.85894,             0.91322,             0.57683,            0.028218,            0.011725,          0.00096371,            0.004555,            0.004555,            0.004555
                 112,            0.030824,            0.021103,            0.001647,              0.8547,             0.85859,             0.91376,             0.57768,            0.028187,             0.01171,           0.0009587,           0.0045055,           0.0045055,           0.0045055
                 113,            0.030676,            0.020926,           0.0015027,              0.8541,             0.85882,             0.91409,              0.5783,            0.028155,            0.011697,          0.00095381,            0.004456,            0.004456,            0.004456
                 114,            0.030567,            0.020905,           0.0014851,             0.85399,             0.86415,             0.91507,             0.57866,            0.028121,            0.011683,          0.00095049,           0.0044065,           0.0044065,           0.0044065
                 115,            0.030436,            0.020801,           0.0015593,             0.85516,             0.86488,             0.91611,             0.57883,            0.028091,            0.011668,          0.00094746,            0.004357,            0.004357,            0.004357
                 116,            0.030354,            0.020937,            0.001455,             0.85601,             0.86716,             0.91636,              0.5794,             0.02806,            0.011655,          0.00094416,           0.0043075,           0.0043075,           0.0043075
                 117,            0.030209,            0.020893,           0.0015742,             0.85571,             0.86759,              0.9169,             0.58016,            0.028028,             0.01164,          0.00094014,            0.004258,            0.004258,            0.004258
                 118,            0.030398,            0.020763,           0.0015511,             0.85551,             0.86731,             0.91749,             0.58133,            0.027997,            0.011625,          0.00093534,           0.0042085,           0.0042085,           0.0042085
                 119,            0.030271,            0.020687,           0.0015993,             0.85542,             0.86904,             0.91771,             0.58173,            0.027967,            0.011612,          0.00093311,            0.004159,            0.004159,            0.004159
                 120,            0.030368,            0.020817,           0.0015482,              0.8534,             0.87077,             0.91849,             0.58247,            0.027933,            0.011598,          0.00092856,           0.0041095,           0.0041095,           0.0041095
                 121,             0.03012,            0.020629,           0.0014085,             0.85305,              0.8714,             0.91888,             0.58317,            0.027903,            0.011585,          0.00092553,             0.00406,             0.00406,             0.00406
                 122,            0.030103,            0.020718,           0.0014254,              0.8556,             0.86983,             0.91916,             0.58403,            0.027871,            0.011571,          0.00092163,           0.0040105,           0.0040105,           0.0040105
                 123,            0.029946,            0.020633,           0.0014156,             0.85467,              0.8714,             0.91978,             0.58484,            0.027836,            0.011556,          0.00091787,            0.003961,            0.003961,            0.003961
                 124,            0.029869,            0.020565,           0.0015689,             0.85577,             0.87212,              0.9199,             0.58562,            0.027804,            0.011543,          0.00091434,           0.0039115,           0.0039115,           0.0039115
                 125,            0.029747,            0.020365,           0.0014624,             0.85647,             0.87298,             0.92041,             0.58649,            0.027772,             0.01153,          0.00091075,            0.003862,            0.003862,            0.003862
                 126,            0.029823,            0.020498,           0.0014919,             0.85628,             0.87392,             0.92103,             0.58731,            0.027737,            0.011516,          0.00090665,           0.0038125,           0.0038125,           0.0038125
                 127,            0.029483,            0.020586,           0.0013839,             0.85787,             0.87361,             0.92129,             0.58794,            0.027701,            0.011503,           0.0009008,            0.003763,            0.003763,            0.003763
                 128,            0.029676,            0.020451,           0.0014746,             0.85801,             0.87467,              0.9216,             0.58829,            0.027664,            0.011489,          0.00089534,           0.0037135,           0.0037135,           0.0037135
                 129,              0.0295,            0.020448,           0.0014343,             0.85995,              0.8749,             0.92201,             0.58921,            0.027628,            0.011475,          0.00089172,            0.003664,            0.003664,            0.003664
                 130,            0.029455,            0.020419,           0.0013065,             0.85864,             0.87525,             0.92203,              0.5898,            0.027594,            0.011461,          0.00088893,           0.0036145,           0.0036145,           0.0036145
                 131,            0.029369,            0.020244,           0.0013677,             0.86072,             0.87629,             0.92274,             0.59111,            0.027557,            0.011446,          0.00088502,            0.003565,            0.003565,            0.003565
                 132,            0.029336,            0.020187,           0.0013791,              0.8625,             0.87675,             0.92325,             0.59274,            0.027521,             0.01143,          0.00088111,           0.0035155,           0.0035155,           0.0035155
                 133,            0.029344,            0.020444,           0.0014323,             0.86429,              0.8782,             0.92399,             0.59362,            0.027485,            0.011414,          0.00087792,            0.003466,            0.003466,            0.003466
                 134,            0.029226,            0.020096,           0.0013665,             0.86499,              0.8797,             0.92452,             0.59427,            0.027451,              0.0114,          0.00087453,           0.0034165,           0.0034165,           0.0034165
                 135,            0.028847,             0.02031,           0.0013131,             0.86569,             0.88064,             0.92493,             0.59483,            0.027415,            0.011385,          0.00087277,            0.003367,            0.003367,            0.003367
                 136,            0.029021,            0.020038,           0.0013565,             0.86613,             0.88067,              0.9254,             0.59534,            0.027376,            0.011369,          0.00087094,           0.0033175,           0.0033175,           0.0033175
                 137,            0.028915,            0.019934,           0.0013989,             0.86631,             0.87948,             0.92587,             0.59652,            0.027339,            0.011353,          0.00086866,            0.003268,            0.003268,            0.003268
                 138,            0.028847,            0.019997,            0.001302,             0.86548,             0.88042,             0.92618,             0.59716,            0.027302,            0.011337,          0.00086628,           0.0032185,           0.0032185,           0.0032185
                 139,            0.029032,            0.020047,           0.0014059,             0.86565,             0.88074,             0.92683,             0.59811,            0.027262,             0.01132,          0.00086194,            0.003169,            0.003169,            0.003169
                 140,            0.028873,             0.01996,            0.001437,             0.86587,             0.88046,             0.92732,             0.59901,            0.027223,            0.011303,          0.00085743,           0.0031195,           0.0031195,           0.0031195
                 141,            0.028755,            0.019777,            0.001265,             0.86621,             0.88046,             0.92758,             0.59929,            0.027184,            0.011287,          0.00085254,             0.00307,             0.00307,             0.00307
                 142,            0.028475,             0.01982,            0.001383,             0.86696,              0.8797,             0.92807,             0.60038,            0.027142,             0.01127,          0.00084825,           0.0030205,           0.0030205,           0.0030205
                 143,            0.028459,            0.019792,           0.0012538,             0.86763,             0.88002,             0.92841,             0.60142,            0.027101,            0.011254,          0.00084499,            0.002971,            0.002971,            0.002971
                 144,            0.028368,            0.019672,           0.0012589,             0.86891,             0.88241,             0.92885,              0.6026,            0.027062,            0.011237,          0.00084207,           0.0029215,           0.0029215,           0.0029215
                 145,            0.028374,            0.019829,           0.0012694,             0.87213,             0.88287,             0.92929,             0.60322,            0.027021,            0.011221,          0.00083914,            0.002872,            0.002872,            0.002872
                 146,            0.028271,            0.019712,           0.0013915,             0.87149,             0.88329,             0.92954,             0.60395,            0.026981,            0.011204,           0.0008354,           0.0028225,           0.0028225,           0.0028225
                 147,            0.028215,             0.01972,           0.0012289,              0.8703,             0.88514,             0.92988,             0.60441,            0.026944,            0.011187,          0.00083163,            0.002773,            0.002773,            0.002773
                 148,            0.028173,            0.019561,           0.0013534,             0.87159,             0.88513,             0.93004,             0.60468,            0.026911,            0.011171,           0.0008281,           0.0027235,           0.0027235,           0.0027235
                 149,            0.028156,            0.019637,           0.0012701,             0.86867,             0.88559,             0.93022,             0.60546,            0.026877,            0.011155,          0.00082381,            0.002674,            0.002674,            0.002674
                 150,            0.027933,            0.019617,           0.0012486,             0.86857,             0.88742,             0.93057,             0.60611,            0.026839,            0.011138,          0.00082063,           0.0026245,           0.0026245,           0.0026245
                 151,            0.027908,            0.019473,           0.0012744,             0.86816,              0.8888,             0.93084,             0.60705,            0.026799,            0.011121,          0.00081658,            0.002575,            0.002575,            0.002575
                 152,            0.028138,            0.019464,           0.0012775,             0.87072,             0.88848,             0.93126,             0.60762,            0.026758,            0.011103,          0.00081441,           0.0025255,           0.0025255,           0.0025255
                 153,            0.027884,            0.019465,           0.0012961,             0.86935,             0.89022,             0.93149,             0.60826,             0.02672,            0.011086,           0.0008135,            0.002476,            0.002476,            0.002476
                 154,            0.027751,            0.019215,           0.0012007,             0.87453,             0.89029,             0.93191,             0.60936,            0.026684,            0.011069,          0.00081202,           0.0024265,           0.0024265,           0.0024265
                 155,            0.027659,            0.019532,           0.0012928,             0.87434,             0.89125,             0.93224,             0.61064,            0.026648,            0.011051,          0.00081047,            0.002377,            0.002377,            0.002377
                 156,            0.027537,            0.019303,           0.0012219,             0.87623,             0.88994,             0.93253,              0.6117,             0.02661,            0.011034,          0.00080884,           0.0023275,           0.0023275,           0.0023275
                 157,            0.027601,            0.019113,           0.0012101,             0.87817,             0.88771,             0.93282,             0.61214,            0.026568,            0.011017,          0.00080691,            0.002278,            0.002278,            0.002278
                 158,            0.027368,            0.019131,           0.0012323,             0.87802,             0.88738,             0.93295,             0.61278,            0.026527,            0.010999,          0.00080424,           0.0022285,           0.0022285,           0.0022285
                 159,            0.027268,            0.019057,           0.0012117,             0.87869,             0.88816,              0.9332,             0.61399,            0.026488,            0.010982,          0.00080167,            0.002179,            0.002179,            0.002179
                 160,            0.027331,            0.019122,           0.0011807,             0.87813,             0.89099,             0.93365,               0.614,             0.02645,            0.010965,          0.00080005,           0.0021295,           0.0021295,           0.0021295
                 161,            0.027037,            0.019033,            0.001182,             0.87823,             0.89481,             0.93408,             0.61495,            0.026412,            0.010948,          0.00079867,             0.00208,             0.00208,             0.00208
                 162,            0.027058,            0.019104,           0.0011489,             0.87958,             0.89696,             0.93507,             0.61532,            0.026373,            0.010932,          0.00079749,           0.0020305,           0.0020305,           0.0020305
                 163,            0.027092,            0.019029,           0.0012134,             0.87819,             0.89804,             0.93534,             0.61599,            0.026332,            0.010915,          0.00079637,            0.001981,            0.001981,            0.001981
                 164,            0.027009,            0.018825,           0.0011651,             0.87924,             0.89851,             0.93556,             0.61674,            0.026296,            0.010898,          0.00079493,           0.0019315,           0.0019315,           0.0019315
                 165,            0.026875,            0.018966,           0.0011734,             0.88038,              0.8987,             0.93583,             0.61739,            0.026257,            0.010881,          0.00079286,            0.001882,            0.001882,            0.001882
                 166,            0.026788,            0.018899,           0.0012242,              0.8822,             0.90034,             0.93686,             0.61824,            0.026219,            0.010864,           0.0007908,           0.0018325,           0.0018325,           0.0018325
                 167,            0.026704,             0.01876,           0.0011186,             0.88183,             0.90021,             0.93685,             0.61888,            0.026181,            0.010847,          0.00078925,            0.001783,            0.001783,            0.001783
                 168,            0.026642,            0.018876,           0.0011957,             0.87989,             0.90081,             0.93703,             0.61982,             0.02614,             0.01083,          0.00078753,           0.0017335,           0.0017335,           0.0017335
                 169,            0.026564,            0.018745,           0.0012054,             0.87895,             0.90072,             0.93741,             0.62082,              0.0261,            0.010815,          0.00078519,            0.001684,            0.001684,            0.001684
                 170,            0.026656,             0.01878,           0.0011516,             0.87812,              0.9008,             0.93775,             0.62205,            0.026057,            0.010798,           0.0007838,           0.0016345,           0.0016345,           0.0016345
                 171,            0.026508,            0.018763,           0.0011432,             0.87819,             0.90137,             0.93818,              0.6229,            0.026017,            0.010781,          0.00078184,            0.001585,            0.001585,            0.001585
                 172,            0.026339,            0.018662,           0.0010732,             0.87924,             0.90224,             0.93869,             0.62401,            0.025976,            0.010765,          0.00077984,           0.0015355,           0.0015355,           0.0015355
                 173,            0.026149,            0.018588,           0.0010305,             0.88002,             0.90357,             0.93894,             0.62479,            0.025937,            0.010749,          0.00077821,            0.001486,            0.001486,            0.001486
                 174,            0.026136,            0.018491,           0.0010378,             0.88141,             0.90403,             0.93923,             0.62612,            0.025899,            0.010732,          0.00077647,           0.0014365,           0.0014365,           0.0014365
                 175,            0.025866,            0.018504,           0.0011216,             0.88103,             0.90414,             0.93953,             0.62705,            0.025857,            0.010715,          0.00077525,            0.001387,            0.001387,            0.001387
                 176,            0.025964,            0.018472,           0.0010285,             0.88161,             0.90657,             0.94045,             0.62812,            0.025818,            0.010699,          0.00077417,           0.0013375,           0.0013375,           0.0013375
                 177,            0.025872,            0.018187,           0.0011218,              0.8827,             0.90545,             0.94074,             0.62887,            0.025776,            0.010683,          0.00077261,            0.001288,            0.001288,            0.001288
                 178,            0.025836,            0.018398,           0.0011277,             0.88378,             0.90439,             0.94091,              0.6296,            0.025735,            0.010667,            0.000771,           0.0012385,           0.0012385,           0.0012385
                 179,            0.025698,            0.018165,           0.0010531,             0.88265,             0.90769,             0.94115,             0.63038,            0.025694,            0.010651,          0.00076997,            0.001189,            0.001189,            0.001189
                 180,            0.025692,            0.018246,           0.0010623,             0.88674,             0.90235,             0.94193,             0.63102,            0.025653,            0.010635,          0.00076885,           0.0011395,           0.0011395,           0.0011395
                 181,            0.025556,            0.018069,           0.0011277,             0.88686,             0.90381,             0.94219,             0.63183,            0.025611,            0.010619,          0.00076739,             0.00109,             0.00109,             0.00109
                 182,            0.025317,            0.018177,           0.0011075,             0.88547,             0.90585,              0.9426,             0.63263,            0.025572,            0.010604,          0.00076575,           0.0010405,           0.0010405,           0.0010405
                 183,            0.025376,            0.018094,           0.0010736,             0.88641,              0.9061,             0.94286,             0.63375,            0.025532,            0.010588,          0.00076479,            0.000991,            0.000991,            0.000991
                 184,            0.025387,            0.017989,           0.0010394,             0.88445,             0.90676,             0.94315,             0.63496,            0.025493,            0.010573,            0.000764,           0.0009415,           0.0009415,           0.0009415
                 185,            0.025203,            0.017944,           0.0010173,             0.88468,             0.90814,             0.94332,             0.63545,            0.025455,            0.010557,          0.00076357,            0.000892,            0.000892,            0.000892
                 186,            0.025036,            0.017838,             0.00106,             0.88703,             0.90676,             0.94333,             0.63676,            0.025416,            0.010541,          0.00076313,           0.0008425,           0.0008425,           0.0008425
                 187,            0.025117,            0.017798,           0.0010912,             0.88851,              0.9067,              0.9437,             0.63787,            0.025376,            0.010525,           0.0007628,            0.000793,            0.000793,            0.000793
                 188,            0.025045,            0.017805,          0.00098714,             0.89242,             0.90354,               0.944,             0.63857,            0.025336,             0.01051,          0.00076242,           0.0007435,           0.0007435,           0.0007435
                 189,            0.024913,            0.017821,           0.0010017,             0.89332,             0.90304,             0.94439,              0.6395,            0.025295,            0.010495,           0.0007619,            0.000694,            0.000694,            0.000694
                 190,            0.024825,            0.017908,           0.0010358,             0.89387,             0.90168,             0.94475,             0.64061,            0.025253,            0.010479,          0.00076088,           0.0006445,           0.0006445,           0.0006445
                 191,            0.024682,            0.017701,          0.00097565,             0.89684,             0.90168,             0.94508,             0.64106,            0.025213,            0.010463,          0.00076001,            0.000595,            0.000595,            0.000595
                 192,            0.024771,            0.017796,          0.00093602,             0.89846,             0.90126,             0.94561,             0.64177,            0.025174,            0.010447,           0.0007593,           0.0005455,           0.0005455,           0.0005455
                 193,            0.024528,            0.017665,           0.0010207,             0.90021,             0.90228,             0.94619,             0.64263,            0.025134,            0.010431,           0.0007581,            0.000496,            0.000496,            0.000496
                 194,            0.024507,            0.017579,          0.00095337,             0.90133,             0.90139,             0.94644,             0.64371,            0.025094,            0.010416,          0.00075732,           0.0004465,           0.0004465,           0.0004465
                 195,            0.024529,             0.01761,           0.0010035,             0.90217,             0.90121,             0.94667,             0.64424,            0.025053,            0.010401,          0.00075638,            0.000397,            0.000397,            0.000397
                 196,            0.024456,            0.017552,          0.00094545,              0.9018,             0.90286,             0.94686,             0.64504,            0.025012,            0.010386,          0.00075544,           0.0003475,           0.0003475,           0.0003475
                 197,             0.02426,            0.017465,          0.00094633,             0.90068,             0.90629,             0.94765,             0.64641,             0.02497,            0.010371,          0.00075433,            0.000298,            0.000298,            0.000298
                 198,            0.024087,            0.017388,          0.00095835,             0.90154,             0.90612,             0.94781,             0.64742,            0.024929,            0.010356,          0.00075337,           0.0002485,           0.0002485,           0.0002485
                 199,            0.024097,            0.017371,           0.0009518,             0.90434,             0.90261,             0.94769,             0.64829,            0.024888,            0.010342,          0.00075249,            0.000199,            0.000199,            0.000199
